name,price 1,price 2,address,vote,sold
Bình Đựng Nước 2L Dễ Thương Có Vạch Báo Giờ Uống Nước,₫260.000,₫79.000,Hà Nội,24k,"64,7k"
"Băng keo thể thao, Băng quấn thể thao cao su non chống chấn thương, hỗ trợ thi đấu và tập luyện",₫5.000 - ₫14.490,,Hà Nội,"3,7k","79,7k"
[Mã 153FASHIONSALE1 giảm 10K đơn từ 50K] Lọ chiết nước hoa trụ vuông dài 10ml,₫5.000 - ₫11.500,,Hà Nội,"3,3k","103,7k"
[Mã 153FASHIONSALE1 giảm 10K đơn 50K] Thảm tập Yoga tập gym hai lớp cao cấp - Xả từ 90K,₫88.000 - ₫110.000,,Hà Nội,526,"5,9k"
Áo Giữ Nhiệt Nam 💎𝑭𝑹𝑬𝑬𝑺𝑯𝑰𝑷💎 Áo Dài Tay Nam Body Bóng Đá Co Dãn 2 Chiều - Bull Sport,₫29.000 - ₫35.000,,Hà Nội,"12,8k","60,5k"
"Dây nhảy thể lực đàn hồi 2.9m chính hãng TopBody, hỗ trợ luyện tập thể dục, thể thao tiện lợi tại nhà",₫16.000 - ₫69.000,,Hà Nội,"38,5k","117,5k"
[Mã 153FASHIONSALE1 giảm 10K đơn từ 50K] LỌ CHIẾT/ CHAI CHIẾT/ ỐNG CHIẾT NƯỚC HOA TỰ ĐỘNG DẠNG XỊT (5ML) ❣️ Freeship,₫29.000,₫19.500,TP. Hồ Chí Minh,"1,6k","18,1k"
"Vớ/Tất Dệt Kim Adidas, Cổ Cao Nam Nữ, Thể thao, Bóng đá, Tennis,Thời trang, Golf, Nike, Mizuno, Jordan, Drew, Champion.",₫9.900 - ₫19.900,,Thái Bình,"3,5k","40,8k"
Túi zip khóa màu ChiChi [GIÁ RẺ] Túi dây rút đựng giầy họa tiết tiện lợi chống ẩm mốc TCN05,₫2.600 - ₫4.838,,TP. Hồ Chí Minh,665,"16,3k"
"[Mã FAMARAL2 giảm 10K đơn từ 50K] Magicperfume-Chai chiết nước hoa thủy tinh vuông, dài, vỏ rất dày dung tích 10ml",₫3.500 - ₫13.000,,TP. Hồ Chí Minh,"1,1k","23,1k"
Túi đựng mỹ phẩm đồ du lịch WASHBAG,₫25.900,,,"11,1k",36k
[Mã 153FASHIONSALE1 giảm 10K đơn từ 50K] DÂY NÁ CAO SU 2 Lớp Cao Cấp Dây thun cao cấp siêu bền,₫2.900 - ₫7.900,,,"3,1k",97k
Thảm Tập Yoga Định Tuyến TPE cao cấp tặng kèm túi đựng - Thảm yoga chống trượt chính hãng TOPBODY,₫35.000 - ₫175.000,,,"5,4k","30,3k"
Chai Nhựa Nắp Bật 20ML/30ML/50ML/100ML/250ML Đựng Gel Rửa Tay - Chai Nhựa Pet - Chai Chiết Mỹ Phẩm - Dụng Cụ Làm Đẹp,₫1.500 - ₫5.500,,,"1,2k","62,1k"
Dây nhảy giảm cân đốt mỡ bụng lõi thép đàn hồi có tạ 2.9m tập thể dục gym muay thái tại nhà fashion86_store,₫9.000 - ₫45.000,,,15k,"58,7k"
Thanh tập xà đơn treo tường gắn cửa fashion86_store nhiều cỡ từ 62-150cm tùy chỉnh phù hợp tập gym tại nhà tăng cơ bắp,₫129.000 - ₫235.000,,Hà Nội,21k,"65,2k"
"[SIÊU GIÁ]Túi Dây Rút Dày Dặn Đựng Giày Dép, Đựng Quần Áo, Đồ Lót Chống Nước Dễ Thương M001",₫1.900 - ₫4.900,,Hà Nội,613,21k
Sticker Cute Trang Trí Bình Nước Cô Gái Dễ Thương,₫2.000,,Hà Nội,"5,9k","22,7k"
"✅HÀNG CHẤT LƯỢNG✅ Quả Cầu Lông, Trái Cầu Lông Tiêu Chuẩn Thi Đấu Đã Dùng Một Lần, Còn Mới, Dùng Để Tập Luyện, 75-99%",₫4.700,,TP. Hồ Chí Minh,277,"14,6k"
Túi Đựng Giày Hoạ Tiết Chống Bẩn Đi Du Lịch Tiện Lợi P047,₫9.900,,TP. Hồ Chí Minh,"3,4k","46,3k"
[Mã 153FASHIONSALE1 giảm 10K đơn từ 50K] QUẦN GIỮ NHIỆT NAM ⚡𝗙𝗿𝗲𝗲 𝘀𝗵𝗶𝗽⚡ quần combat pro cao cấp - Bull Sport,₫49.000 - ₫57.000,,Hà Nội,"9,2k","39,7k"
[Mã FAMARAL2 giảm 10K đơn từ 50K] Bình nước 2 lít cute chia vạch nhắc nhở bình đựng nước 2L có vòi tập gym thể thao,₫150.000,₫94.000,Hà Nội,"1,6k",10k
"[V2] Dây ná cao su, thun ná cao su, thun precise chính hãng 0.5-0.55-0.65mm độ chính xác cao, siêu bền bỉ",₫4.800 - ₫5.600,,TP. Hồ Chí Minh,427,"10,2k"
"Lọ Chiết Nước Hoa ❤ Chai lọ chiết nước hoa thủy tinh 5ml 10ml 20ml 25ml đựng dầu thơm , phụ kiện du lịch",₫6.990 - ₫11.090,,TP. Hồ Chí Minh,705,"21,3k"
Chai Xịt Phun Sương 20ML/30ML/50ML/100ML/250ML Đựng Nước Rửa Tay - Chai Chiết Mỹ Phẩm - Dụng Cụ Làm Đẹp - Chai Nhựa Có V,₫3.500 - ₫6.500,,TP. Hồ Chí Minh,"1,1k","28,7k"
Lọ Chiết Serum 5ml/10ml Nút Nhọn - Chai Chiết Tinh Dầu Bộ 3 Nút (Nắp Nhôm + Nắp Cao Su + Nắp Nhọn) - Dụng Cụ Spa,₫2.000 - ₫2.800,,,433,"52,3k"
"Băng keo thể thao đá bóng quấn cổ chân cao su non vải tự dính, băng keo cuốn cổ tay y tế cuốn ngón tay",₫3.800 - ₫14.500,,,"1,9k","31,3k"
[Giá Xưởng] 1 TÚI ZIP LỤA MỜ - TÚI NHỰA ĐỰNG ĐỒ KHOÁ KÉO DU LỊCH ĐA NĂNG GIÀY DÉP ĐỒ TRANG ĐIỂM QUẦN ÁO,₫1.350 - ₫5.300,,,485,"39,9k"
Quần tập gym yoga legging nữ cạp cao AMIN AM016 nâng mông tôn dáng vải co dãn 4 chiều thoáng mát,₫95.000 - ₫99.000,,,"5,2k","16,4k"
[Mã 153FASHIONSALE1 giảm 10K đơn từ 50K] [FREESHIP❤️] THẢM TẬP YOGA TPE CAO CẤP 2 LỚP 6MM,₫29.000 - ₫139.000,,,"32,7k","94,2k"
Quần tập yoga/thể thao Lovito lưng cao màu trơn L02044 (Light Blue/Pink/Black/Dark Blue),₫139.500,₫78.000,GuangDong,"2,7k","7,2k"
Thảm tập yoga tại nhà - Xả hàng dọn kho,₫90.000 - ₫120.000,,Hà Nội,"1,4k","11,1k"
"Tất dệt kim, vớ thể thao dùng cho bóng đá, đá banh, tennis thương hiệu Nike, Adidas,Puma, Mizuno, Drew, Champion, Jordan",₫9.900 - ₫19.900,,Thái Bình,417,"5,2k"
[Mã 153FASHIONSALE1 giảm 10K đơn từ 50K] THẢM TẬP YOGA TPE 2 LỚP DÀY 6MM,₫27.000 - ₫119.000,,TP. Hồ Chí Minh,"10,9k","35,8k"
Lọ Chiết Seum 🏵️ Lọ Chiết Tinh Dầu Nước Hoa Thủy Tinh Mỏng 3ml/5ml,₫2.000 - ₫2.500,,TP. Hồ Chí Minh,277,"35,7k"
"Tuýp Nhựa Chiết Mỹ Phẩm - Tuýp Đựng Kem Đánh Răng, Dầu Gội, Sữa Tắm, Sữa Rửa Mặt... (20ml/ 30ml/ 50ml/ 100ml)",₫4.000,,TP. Hồ Chí Minh,"2,3k","20,6k"
[Mã 153FASHIONSALE1 giảm 10K đơn từ 50K] Chai Chiết Phun Sương ❣️ Lọ Chiết Xịt Dung Dịch 30ml - 50ml - 100ml ❣️ Freeship,₫4.000 - ₫5.000,,TP. Hồ Chí Minh,"1,6k","33,9k"
"[Giá hủy diệt] Quấn cán yonex dày dặn, êm tay, bám tay",₫9.500,₫5.799,Hà Nội,489,"17,3k"
Sét 10 Khẩu Trang 4D Nam Nữ KF94 Cao Cấp sản xuất theo công nghệ Hàn Quốc mới nhất,₫20.000,₫10.000,Hà Nội,"8,2k","25,3k"
[Mã 153FASHIONSALE1 giảm 10K đơn từ 50K] Thảm tập yoga gym chống trượt tpe cao cấp 2 lớp dày 6mm 8mm tập tại nhà T2L,₫99.000 - ₫185.000,,TP. Hồ Chí Minh,"6,1k","17,3k"
Tất thể thao chất liệu Cotton dày dặn cao cấp dành cho nam,₫16.900 - ₫23.980,,Nước ngoài,460,"5,2k"
"Dây nhảy thể lực đàn hồi 2.9m chính hãng Sako Sport, hỗ trợ luyện tập thể dục, thể thao tiện lợi tại nhà",₫14.000 - ₫39.000,,Hà Nội,"4,2k","13,5k"
"Bịt Mắt Che Mắt Ngủ Có Túi Gel Massage , Hình Thú cute",₫23.900 - ₫29.000,,TP. Hồ Chí Minh,"6,3k","25,7k"
[Mã 153FASHIONSALE1 giảm 10K đơn từ 50K] Vali du lịch valy kéo Cao Cấp Size20/24/28inch KS-155/T01,₫275.000 - ₫848.000,,Bình Dương,"11,3k","24,5k"
"Lọ Chiết Serum 🏵️ Lọ Chiết Mỹ Phẩm Thủy Tinh Nắp Bóp Nhỏ Giọt Khoen Vàng 5ML/10ML Dùng Đựng Tinh Dầu, Serum",₫2.500 - ₫5.500,,TP. Hồ Chí Minh,720,"49,3k"
[Mã FAMARAL2 giảm 10K đơn từ 50K] Bình Đựng Nước 2L Có Vạch Báo Giờ Uống Nước - Chính Hãng TopBody,₫89.000 - ₫99.000,,Hà Nội,"4,1k",19k
"Quấn cán vợt cầu lông, quấn cán vợt VS chính hãng",₫12.500,,Hà Nội,190,"6,2k"
Thảm tập gym yoga chống trượt cao cấp lót thể dục tại nhà tpe 2 lớp 6mm bảo hành 12 tháng,₫39.600 - ₫139.000,,TP. Hồ Chí Minh,"1,4k","3,7k"
"[Mã 153FASHIONSALE1 giảm 10K đơn từ 50K] QUẦN GIỮ NHIỆT NAM COMBAT PRO, QUẦN LEGGING TẬP GYM NAM MÀU ĐEN",₫9.600 - ₫48.000,,Hà Nội,"1,2k","5,6k"
[Mã 153FASHIONSALE1 giảm 10k đơn 50k] Vali du lịch Kingsun vali kéo Size20/24inch KS-T02/155 Cao Cấp bảo hành 5 năm,₫299.000 - ₫1.347.000,,Hà Nội,"3,9k","8,7k"
"Băng keo cuốn thể thao đá bóng vải tự dính, băng quấn đá banh thể thao hỗ trợ y tế bảo vệ cổ tay cổ chân, đầu gối",₫3.000 - ₫14.000,,Hà Nội,862,"15,1k"
"[BIKINI LOẠI ĐẸP] Bikini liền mảnh, Đồ bơi nữ tay dài nhún ngực khoét lưng khoét ngực siêu sexy",₫330.000,₫178.300,TP. Hồ Chí Minh,832,"2,9k"
"[Mã 153FASHIONSALE1 giảm 10K đơn 50K] Thảm Tập Yoga Định Tuyến TPE TOPBODY Tặng Kèm Túi Đựng, Thảm Yoga Chống Trượt",₫35.000 - ₫175.000,,Hà Nội,"1,2k","4,8k"
"Chai Hút Chân Không 15ml/30ml/50ml Chai Xịt Giọt Dùng Đựng Serum, Kem Dưỡng, Kem Chống Nắng",₫3.000 - ₫11.300,,TP. Hồ Chí Minh,741,"29,6k"
"[Chai lọ hút chân không] Chai nhựa trong suốt nhấn xịt giọt, xịt sương hút chân không 5ml/ 30ml 50ml 100ml chiết mỹ phẩm",₫5.000 - ₫15.500,,TP. Hồ Chí Minh,"1,1k",37k
Sticker Dán 3D Trang Trí Bình Nước Dễ Thương,₫30.000,₫15.000,Hà Nội,951,3k
"Băng keo thể thao quấn cổ chân đá bóng đa năng,băng cuốn cổ tay thể thao đá banh Nano Nhật hỗ trợ chấn thương",₫11.900 - ₫14.800,,Hà Nội,"1,7k","14,7k"
[Mã 153FASHIONSALE1 giảm 10K đơn 50K] {Sỉ từ 11k} Chai Chiết Nước Hoa Dạng Xịt 10ml Trụ Vuông,₫12.500 - ₫13.000,,Hà Nội,493,"10,7k"
"[Mã LIFEXANH03 giảm 10% đơn 500K] Sỉ đôi ủng đi mưa loại đẹp ,ủng bọc giày đi mưa(1đôi)",₫4.350,,Hà Nội,"1,2k","19,5k"
"[Mã 153FASHIONSALE1 giảm 10K đơn từ 50K] Dây ná cao su, thun ná chính hãng prise 0.75mm độ chính xác cao, siêu bền",₫2.900,,Hà Nội,"1,3k","45,7k"
[Mã 153FASHIONSALE1 giảm 10K đơn từ 50K] Áo mưa cánh dơi vải dù siêu dai loại trơn (chọn màu),₫85.000,₫59.000,Hà Nội,"6,2k","18,8k"
vali du lịch BAMOZO 8801 vali kéo nhựa được bảo hành 5 năm,₫379.000 - ₫449.000,,Hà Nội,21k,"43,9k"
Chai xịt rỗng trong suốt dung tích tùy chọn 5ml - 250ml,₫2.900 - ₫9.900,,Nước ngoài,"1,9k","30,4k"
"Băng keo thể thao, Băng keo quấn cơ đá bóng đá banh tránh chấn thương bảo vệ cổ tay cổ chân đầu gối chơi tenis cầu lông",₫8.000 - ₫13.000,,TP. Hồ Chí Minh,"2,3k","25,3k"
"Lọ Chiết Nước Hoa ❤ Bình xịt nước hoa thủy tinh vuông rỗng 5ml 10ml 20ml 25ml chai lọ chiết nước hoa , phụ kiện du lịch",₫6.646 - ₫10.541,,TP. Hồ Chí Minh,560,15k
CHAI LỌ CHIẾT NƯỚC HOA - ỐNG CHIẾT TỰ ĐỘNG DẠNG XỊT (5ML),₫29.000,₫24.500,TP. Hồ Chí Minh,"4,4k","34,1k"
[Mã 153FASHIONSALE1 giảm 10K đơn 50K] Chun Cột Tóc Thể Thao Topbody,₫25.000,,Hà Nội,156,"1,5k"
(FULL SIZE) Túi Zip Để Đồ Chống Bụi Chống Nước Ẩm Mốc - Túi Đựng Giày Quần Áo Du Lịch 🍉Duashop🍉,₫1.400 - ₫5.200,,Hà Nội,"2,5k","29,9k"
"Lọ Chiết Serum ❤ Lọ Đựng Tinh Dầu Thủy Tinh Mỏng Bóp Giọt Khoen Vàng, Đen 2ml,3ml,5ml chiết mỹ phẩm, phụ kiện du lịch",₫1.425 - ₫2.470,,TP. Hồ Chí Minh,756,"116,8k"
"[Mã LIFEXANH03 giảm 10% đơn 500K] HỦ NHỰA TRONG SUỐT, NẮP ĐEN - Hủ nhỏ 3gr/ 5gr/ 10gr/ 20gr/ 30gr/ 50gr ĐỰNG MĨ PHẨM",₫1.600 - ₫5.500,,TP. Hồ Chí Minh,527,"38,2k"
"Túi Dây Rút Đựng Giày Dép, Đựng Quần Áo, Đồ Lót Chống Nước",₫4.500 - ₫6.000,,,"3,3k","27,7k"
"Chai Nhựa PET Chiết Mỹ Phẩm, Dung Dịch, Nước Rửa Tay - Lọ Chiết Loại Nắp Bật ❣️ Freeship",₫3.861 - ₫5.000,,,733,"17,5k"
"Dụng Cụ Hít Đất Đa Năng, Bộ Dụng Cụ Tập Hít Đất Chống Đẩy Tập Gym Push Up Tại Nhà Cao Cấp Có Kẻ Vạch Hướng Dẫn",₫240.000,₫179.000,,2k,"6,6k"
"[Sale Sốc] Dây ná cao su, thun ná chính hãng precise 0.5-0.55-0.65mm độ chính xác cao, siêu bền",₫4.700 - ₫5.400,,,723,"15,2k"
[Geek] Bảo vệ mũi giày | Chống gãy | Chống Gập | Chống nhăn,₫10.000,,,1k,"6,1k"
"[HCM] Băng keo thể thao, Băng quấn thể thao cao su non chống chấn thương, hỗ trợ thi đấu và tập luyện",₫8.000,₫5.000,TP. Hồ Chí Minh,236,6k
"[Đã có mẫu Lông Vũ] Ô gấp gọn phủ lớp chống tia UV 2 lớp , ô dù chống nắng chất lượng cao",₫31.000 - ₫59.000,,Hà Nội,4k,"10,8k"
[Mã 153FASHIONSALE1 giảm 10K đơn từ 50K] NÁ CAO SU DP15 - TẶNG KÈM THUN VÀ ĐÈN LAZE SIÊU SÁNG,₫71.000 - ₫95.000,,Hà Nội,"1,4k","3,9k"
Lọ chiết nước hoa 10ml thủy tinh dạng xịt hình trụ đẹp,₫7.500 - ₫10.300,,Hà Nội,126,"4,9k"
"[Deal Sốc-v2] Dây ná cao su màu trắng, thun ná chính hãng màu trắng precise 0.65mm độ chính xác cao, siêu bền",₫10.000,₫5.000,Hà Nội,352,"6,8k"
"Găng tay full ngón mùa đông cho nam nữ, bao tay dài ngón đi xe máy giữ ấm",₫65.000,₫49.000,Hà Nội,"1,9k","5,3k"
"Băng keo thể thao co dãn tự dính dùng khi hoạt động, cao su non chống chấn thương, hỗ trợ thi đấu và tập luyện",₫7.900 - ₫19.900,,Hà Nội,"1,1k","27,3k"
[Mã 153FASHIONSALE1 giảm 10K đơn từ 50K] Xi-lanh (ống tiêm) chuyên chiết nước hoa,₫9.000 - ₫15.000,,Hà Nội,"1,7k","12,3k"
"Dây Nhảy Tập Thể Dục Thể Thao, Dây Nhảy MUAY, BOXING Lõi Thép Cao Cấp 2,7m Siêu Rẻ Siêu Bền Có Thể Cắt Bớt Dây TT04",₫20.000 - ₫69.000,,TP. Hồ Chí Minh,"1,7k","5,5k"
Ván Trượt Skateboard Thể Thao Cao Cấp Có Đèn Led Phát Sáng Nhiều Màu Sắc tặng tool chỉnh bánh cực xịn,₫359.000 - ₫509.000,,Hà Nội,128,"2,4k"
Lều cắm trại 3 cửa sổ 2.1mx2m 4-6 người vải dù 2 lớp 200T chống tia UV tự mở trong 5s,₫549.000 - ₫745.000,,,152,"2,6k"
Thảm picnic thảm decor dã ngoại cao cấp chụp ảnh cực đẹp gấp gọn dễ dàng mang theo,₫128.000 - ₫158.000,,,89,"2,2k"
[Dày Dặn 2 lớp] Lều cắm trại tự bung 4-6 người chống tia tử ngoại không ngại mưa nắng,₫645.000 - ₫825.000,,,61,"2,2k"
"[Dày Dặn] Lều Cắm Trại Du Lịch Tự Động 4-6 người, Chống Nước, Chống Tia Tử Ngoại, Lều Tự Bung",₫549.000 - ₫950.000,,,63,"2,1k"
Gối chữ U kê cổ chống đau mỏi vai gáy dùng cho văn phòng du lịch quà tặng được chọn mẫu,₫25.000 - ₫100.000,,,"2,9k","8,7k"
Ủng Đi Mưa-Bọc Giày Đi Mưa Cổ Cao Với Chất Liệu Nhựa PVC 2 Lớp - Hàng Cao Cấp,₫150.000,₫89.000,Hà Nội,4k,"12,4k"
"Dây mini Band, Dây cao su kháng lực Aolikes tập chân mông AL 3601",₫30.000 - ₫140.000,,Hà Nội,"16,4k","55,2k"
"Chai Chiết Xịt Phun Sương, Lọ Xịt Dung Dịch 30ml - 50ml - 75ml - 100ml",₫3.400 - ₫6.750,,TP. Hồ Chí Minh,"5,7k","43,6k"
"[Mã 153FASHIONSALE1 giảm 10K đơn 50K] Chai lọ chiết nước hoa 10ml vuông cao dày đựng dầu thơm , phụ kiện du lịch",₫2.850 - ₫10.545,,TP. Hồ Chí Minh,239,"10,6k"
Ván trượt thể thao skateboard mặt nhám phong cách bánh xe cao su đèn Led dành cho giới trẻ - Ván trượt gỗ phong 8 lớp,₫359.000 - ₫429.000,,Hà Nội,66,2k
"Lều cắm trại tự bung, lều lục giác du lịch dã ngoại cực thích từ 4-6 người 2 lớp thoáng mát",₫645.000 - ₫745.000,,Hà Nội,59,"2,1k"
"Lều cắm trại tự bung, lều du lich dã ngoại, câu cá 4- 6 người, dễ dàng gập mở, đóng gói nhỏ gọn, thuận tiện",₫998.000,₫549.000,Hà Nội,59,"2,1k"
"Lều cắm trại tự bung , lều du lịch dã ngoại dành cho 4-6 người, chống thấm nước, chống tia bức xạ uv, thông gió mát mẻ",₫1.250.000,₫745.000,Hà Nội,59,"2,1k"
"Lều cắm trại tự bung có mái hiên, lều du lịch dã ngoại dành cho 4-6 người chống nước, chống tia bức xạ, thông gió mát mẻ",₫1.650.000,₫875.000,Hà Nội,59,"2,1k"
"💓 Chai Lọ Nhựa PET Dạng Vòi Nhấn Chiết Mỹ Phẩm, Dung Dịch, Nước Rửa Tay, Sữa Rửa Mặt, Dầu Gội, Sữa Tắm,... (50ml / 100",₫7.500 - ₫9.000,,TP. Hồ Chí Minh,594,"7,8k"
Dây Mini Band Đàn Hồi Kháng Lực Tập Mông Chân Đùi Aolikes Siêu Bền Chính Hãng,₫130.000,₫59.000,Hà Nội,10k,"24,1k"
"Băng cuốn thể thao tự dính, Băng dán cổ tay, cổ chân thể thao chất liệu vải không dệt chống chấn thương bảo vệ cơ khớp",₫4.800 - ₫14.500,,Hà Nội,465,"11,3k"
QUẦN GIỮ NHIỆT COMBAT PRO LEGGING TẬP GYM NAM DÁNG DÀI MÀU ĐEN,₫69.000 - ₫119.000,,Hà Nội,"3,2k","15,1k"
[Mã 153FASHIONSALE1 giảm 10K đơn từ 50K] Giày Đá Bóng Predator 2021_Rẻ Bền Đẹp_Đã May Toàn Bộ Đế,₫119.900 - ₫129.900,,TP. Hồ Chí Minh,"1,5k","3,7k"
"[Hàng Chuẩn] Dây ná cao su 2 lớp cao cấp, thun ná cao su 2 lớp siêu cấp cho lực đều và đẹp mắt",₫8.000,₫4.300,Hà Nội,98,"2,6k"
[Free Ship] Tất Ni.ke Adi.das Mi.zuNo nam nữ cổ cao thể thao thời trang cao cấp,₫8.500 - ₫12.000,,TP. Hồ Chí Minh,"1,4k","16,5k"
"Chai nhựa pet xịt phun sương 5ml / 10ml / 20ml / 30ml / 50ml / 100ml - Lọ chiết nước hoa, mỹ phẩm du lịch",₫1.000 - ₫3.300,,Đồng Nai,201,"10,7k"
[Mã 153FASHIONSALE1 giảm 10K đơn từ 50K] Dây Nhảy Tập Thể Dục Giảm Cân Không Dây Chuyên Nghiệp Cho Nữ,₫30.000 - ₫120.000,,TP. Hồ Chí Minh,714,"2,5k"
"Tạ tay bọc nhựa cao cấp loại 1 mẫu mới 2021 (1kg, 2kg, 3kg, 4kg, 5kg, 6kg, 7kg,8kg)",₫20.000 - ₫100.000,,Hà Nội,"1,5k","9,3k"
"Ủng Đi Mưa, Bọc Giầy Đi Mưa Cổ Cao Với Chất Liệu Nhựa PVC 2 Lớp - Hàng Cao Cấp ko",₫140.000,₫88.000,Hà Nội,509,"1,6k"
[Mã LIFEXANH03 giảm 10% đơn 500K] Lọ chiết mỹ phẩm dầu gội sữa rửa mặt hút chân không CCC01,₫13.000 - ₫21.000,,Hà Nội,2k,"22,6k"
"Dây Nhảy, Dây Nhảy Thể Lực Tập Thể Dục Thể Thao Giảm Cân Lõi Thép Cao Cấp 2,7m Nhiều Màu",₫50.000,₫29.000,TP. Hồ Chí Minh,"5,2k","16,4k"
"[Mã FAMARAL2 giảm 10K đơn 50K] Thun ná cao su, Dây ná cao su precise v2 0,65 cột sẵn khổ 15cm-16cm-17cm",₫8.600,₫4.400,TP. Hồ Chí Minh,168,"4,4k"
Chai xịt 30/50ml/ngẫu nhiên bằng nhựa trong suốt đựng nước hoa sản phẩm chăm sóc da,₫55.000,₫10.000,Nước ngoài,"2,9k","6,7k"
[Mã 153FASHIONSALE1 giảm 10K đơn từ 50K] tất đá bóng 💙FREESHIP💙 vớ đá banh chống trơn,₫17.800 - ₫17.900,,Hà Nội,"4,5k","34,7k"
"Hủ Đựng Kem 🏵️ Hũ Chiết Mỹ Phẩm Thủy Tinh Nâu Nắp Đen 5g/10g/15g/20g Thiết Kế Nhỏ Gọn, Sang Trọng Chuyên Dùng Spa",₫3.500 - ₫5.500,,TP. Hồ Chí Minh,405,"21,5k"
"✅Quả Cầu Cũ Loại II✅ Tình Trạng 50 - 70%, Dùng Dạy Cầu Lông hoặc Đánh Thể Dục Công Viên",₫2.700,,TP. Hồ Chí Minh,78,"3,4k"
[Mã LIFEXANH03 giảm 10% đơn 500K] Lọ chiết mỹ phẩm dầu gội sữa rửa mặt hút chân không phong cách bắc âu CCC02,₫17.000 - ₫21.000,,Hà Nội,814,"6,6k"
"Thảm tập YOGA Chống trượt, Thảm tập GYM tại nhà tập thể dục. Chất liệu tpe 2 lớp chống trơn tuyệt đối",₫17.000 - ₫85.000,,Hà Nội,"1,7k","5,7k"
"Túi đựng giày CSHome dây rút size to (41x31cm), size bé (37x27cm) chống bụi bẩn, đi du lịch tiện lợi",₫8.199 - ₫8.999,,Hà Nội,2k,"9,5k"
(10k+/ chai) 01 Lọ chiết nước hoa hình trụ 10ml thủy tinh- chọn nắp riêng vui lòng ib riêng,₫7.000 - ₫12.000,,Hà Nội,624,"16,5k"
"Chai nhựa rỗng 500ml/ 300ml vòi nhấn đựng dầu gội, sữa tắm- Vỏ chai nhựa màu nâu/ xanh rêu/ Trong suốt- nắp xịt, bật đen",₫6.200 - ₫8.000,,TP. Hồ Chí Minh,577,"20,4k"
DÂY NÁ CAO SU 2 Lớp Cao Cấp Dây thun cao cấp siêu bền,₫4.900 - ₫7.500,,TP. Hồ Chí Minh,453,9k
"Áo Mưa Dây Kéo Vải Dù Tổ Ong (Giá sỉ, Cao Cấp, Nhiều màu tùy chọn, hàng có sẵn) - Hàng Xưởng Việt Nam",₫89.000 - ₫129.000,,TP. Hồ Chí Minh,"3,1k","9,8k"
"Hũ Chiết Mỹ Phẩm ❤ Hủ đựng kem thủy tinh mờ 5g,10g,15g,20g,30g,50g Nắp vàng, phụ kiện du lịch",₫2.185 - ₫7.220,,TP. Hồ Chí Minh,167,9k
"[Mã 153FASHIONSALE1 giảm 10K đơn từ 50K] giày đá bóng,giày đá banh ⚡tặng tất⚡ đã khâu đế 100%",₫85.000 - ₫135.000,,Hà Nội,"4,9k","14,3k"
"Dây kháng lực tập gym, dây miniband tập mông đùi SAKO SPORT Vải",₫13.980 - ₫69.900,,Hà Nội,"1,9k","14,5k"
"[Sale Sốc] ÁO BÓNG ĐÁ CLB THUN LẠNH CAO CẤP MU BARCA REAL JUVE CHELSEA ARSENAL MAN CITY,...",₫79.000 - ₫85.000,,Hà Nội,"4,1k","12,8k"
"Hủ Đựng Kem ❤ Hủ chiết mỹ phẩm 100g,150g,200g,300g Đựng Kem Body, phụ kiện du lịch",₫2.470 - ₫8.835,,TP. Hồ Chí Minh,205,"11,8k"
Túi zíp túi dây kéo chống nước đi du lịch,₫6.000 - ₫9.000,,Hà Nội,"1,2k","9,4k"
[Mã LIFEXANH03 giảm 10% đơn 500K] Đèn leb đom đóm chạy bằng pin,₫8.000 - ₫12.000,,,840,"5,2k"
"Bình Xịt Khuẩn, Xịt cồn, nước phun sương trong suốt 500ml - Bình xịt tóc , xịt tưới hoa , Chai xịt sương tưới cây 500ml",₫8.900 - ₫16.000,,,864,"7,4k"
Chai rỗng dạng xịt có móc khóa màu ngẫu nhiên có khóa móc 50ml / 60ml / 100ml,₫2.900 - ₫7.200,,,264,"23,5k"
[Mã 153FASHIONSALE1 giảm 10K đơn từ 50K] ÁO KHOÁC DÙ BOMBER 2 LỚP PHỐI NÚT BẤM TM GYM 21 CỰC HOT,₫65.000 - ₫96.000,,,997,"2,7k"
Vali kéo du lịch Kingsun size20/24inch KS-033/218 Bảo hành 5 năm,₫299.000 - ₫878.000,,,"3,7k",8k
"Dây ná cao su , loại trong siêu bền | Dây 0,7mm hàng chuẩn",₫2.800,,Hà Nội,137,"3,7k"
"[Mã 153FASHIONSALE1 giảm 10K đơn từ 50K] Tất đá bóng 💙FREESHIP💙 vớ đá banh, tất bóng đá chống trượt cao cấp",₫4.000 - ₫17.900,,Hà Nội,"3,2k","19,8k"
"[Chính Hãng] Cần Câu Tay Lôi Chấn Tử, Cần Câu Đài Câu Đơn Cao Cấp",₫550.000 - ₫700.000,,Hà Nội,178,955
"Băng cuốn thể thao tự dính, Băng quấn cổ chân đá bóng, cổ chân thể thao chất liệu vải không dệt chống chấn thương",₫3.500 - ₫15.000,,Hà Nội,174,"3,1k"
Hott Băng Cuốn Thể Thao Tự Dính khổ 2.5cm đến 5cm Chống chấn Thương Hỗ Trợ Thi Đấu Tập Luyện phụ kiện y tế,₫8.000,,TP. Hồ Chí Minh,162,"5,2k"
"[V3] Dây ná cao su, Thun ná cao su cột sẵn cao cấp, da mềm ôm bi siêu cấp chất lượng cao",₫10.000,₫6.500,Hà Nội,124,"3,1k"
"Dụng Cụ Chống Đẩy Đa Năng Push UP, Tập Cơ Ngực Vai Tại Nhà",₫59.000 - ₫129.000,,Hà Nội,"1,9k","6,2k"
Bikini basic - Đồ bơi 2 mảnh siêu sang chảnh (nhiều màu),₫58.800 - ₫132.300,,TP. Hồ Chí Minh,"1,2k","3,6k"
[Mã 153FASHIONSALE1 giảm 10K đơn từ 50K] Gậy bóng chày thể thao giá rẻ 71cmx28inch chất liệu kim loại chắc chắn,₫16.000 - ₫75.000,,Hà Nội,"4,6k",17k
[Hàng mới về] Khăn lau mặt cotton dạng nén dùng một lần sử dụng khi đi du lịch hoạt động ngoài trời,₫10.000,,Nước ngoài,409,"4,4k"
"Ô Gấp Gọn Phủ Lớp Chống Tia Uv, Ô Che Mưa Cầm Tay, Dù Chống Nắng DEPOT Cao Cấp - Tặng Túi Đựng Ô",₫18.000 - ₫57.000,,,994,"2,5k"
"Túi đựng giày dép size to có dây rút hoạ tiết chống bụi bẩn tiện lợi khi trời mưa, du lịch (Việt Nam) - BooMart",₫15.000,₫7.900,,229,"6,3k"
[Mã 153FASHIONSALE1 giảm 10K đơn 50K] ĐẦU CHỤP CƠ BIDA ĐẦU CHỤP GẬY BI-A 13MM,₫4.000,₫2.600,,217,"15,3k"
Áo mưa BÍT - Áo mưa kín vải dù siêu bền (Hàng cao cấp xưởng Việt Nam),₫75.000 - ₫95.000,,,"1,3k","4,1k"
Quần đùi tập gym nam 2 lớp - QS2,₫79.000 - ₫119.000,,,"1,2k","6,1k"
Bikini Đồ bơi nữ có tay khóa kéo màu ĐEN FORM SHORT sành điệu kín đáo co dãn thoải mái,₫350.000,₫198.300,TP. Hồ Chí Minh,461,"1,8k"
[Mã 153FASHIONSALE1 giảm 10K đơn 50K] Combo 10 đôi tất gấu cổ ngắn họa tiết Brown tặng kèm túi đựng - TG10,₫9.500 - ₫37.000,,Hà Nội,15k,"35,3k"
[Mã 153FASHIONSALE1 giảm 10K đơn từ 50K] Quả bóng đá tiêu chuẩn - Loại 3 lớp - Banh da số 5,₫119.000 - ₫124.000,,Hà Nội,"3,3k","7,1k"
Áo khoác CAMEL bằng lông cừu và nhung giữ ấm khi đi ra ngoài tay dài mùa thu cho nữ,₫458.000,₫267.000,Nước ngoài,921,"2,3k"
"Chai lọ rỗng đựng nước hoa, chiết tự động dạng xịt nhiều màu sắc 5ml,8ml",₫7.000 - ₫29.900,,Hà Nội,"1,9k","21,2k"
"Hủ Chiết Mỹ Phẩm ❤ Hủ nhựa đựng kem tròn 3g,5g,10g,20g,30g,50g,100g, phụ kiện du lịch",₫1.710 - ₫5.795,,TP. Hồ Chí Minh,381,"47,4k"
"Hủ Đựng Kem 🏵️ Hũ Chiết Mỹ Phẩm Thủy Tinh Mờ Nắp Bạc 5g/10g/15g/20g Thiết Kế Nhỏ Gọn, Sang Trọng Chuyên Dùng Spa",₫4.000 - ₫6.000,,TP. Hồ Chí Minh,337,"15,9k"
Túi trong mờ đựng lotion dầu gội 30ml / 50ml / 100ml,₫2.999 - ₫3.200,,Nước ngoài,89,"1,4k"
"Chai Nhựa Pet Vòi Nhấn 100ML/250ML Chiết Mỹ Phẩm (Dầu Gội, Sửa Tắm, Gel Rửa Tay) - Chai Lọ Mỹ Phẩm",₫5.500 - ₫7.000,,TP. Hồ Chí Minh,397,"5,6k"
Áo Mưa 1 Người Có Kính Chắn Nước Che Mặt Cánh Dơi Chống Thấm Cao Cấp Phản Quang Có Túi Chùm Gương Chiếu Hậu,₫99.000,₫89.000,Hà Nội,"1,4k","4,3k"
"Thảm tập yoga gym định tuyến chống trượt [ Tặng thêm túi đựng thảm ], chất liệu TPE độ dày 6mm 8mm tập thể dục tại nhà",₫19.000 - ₫165.000,,Hà Nội,20k,"57,7k"
"băng keo thể thao đá bóng, băng cuốn thể thao vải tự dính. băng quấn y tế cuốn ngón tay, cổ tay, cổ chân",₫8.000 - ₫14.500,,TP. Hồ Chí Minh,105,"3,1k"
"Băng keo dán cơ thể thao cao su non, hỗ trợ thi đấu và tập luyện - M-BODY SPORT",₫10.000,₫8.500,Hà Nội,628,"15,9k"
"[Chính Hãng] Máy Câu Cá DEBAO RS, Máy Dùng Cho Câu Lục, Máy Câu Cao Cấp",₫440.000 - ₫499.000,,Hà Nội,185,873
"[Mã FAMARAL2 giảm 10K đơn 50K] Bảng chống đẩy, Dụng cụ hít đất đa năng 12 trong 1, tập ngực, vai tại nhà Jun Sport",₫220.000,₫159.000,TP. Hồ Chí Minh,577,"1,8k"
"Băng keo thể thao ⚡FREESHIP⚡ băng keo bảo vệ , hàng chuyên dụng loại một 5cm, 2.5cm",₫3.000 - ₫12.000,,Hà Nội,"1,5k","15,2k"
Lọ chiết nước hoa 5ml thủy tinh vuông (Vỏ chiết/ Ống chiết/ Chai chiết nước hoa),₫5.000 - ₫8.000,,Hà Nội,450,"12,9k"
Hủ đựng kem body 120g / hủ bầu / hủ chiết kem [giá sỉ tận gốc],₫2.000 - ₫6.900,,TP. Hồ Chí Minh,107,"6,1k"
"[Mã 153FASHIONSALE1 giảm 10K đơn từ 50K] [Chất Lượng] Ô Câu Cá, Dù Câu Cá 2 Tầng Siêu Chống Thấm, Chống Tia UV Cao Cấp",₫490.000 - ₫520.000,,Hà Nội,177,993
"Áo bra thể thao tập gym yoga không gọng, đệm chắc chắn thoải mái co dãn tốt, free size 7 màu sắc lựa chọn",₫40.000,₫35.000,Hà Nội,"1,6k","6,1k"
"Thẻ tên hành lý (Name tag vali) - Phù hợp đi du lịch, công tác, đi học, đi làm - Bảo đảm an toàn, nhanh gọn",₫12.000,,Hà Nội,"1,3k","2,9k"
"DÙ ĐI MƯA, CHE NẮNG CHỐNG TIA UV XẾP GỌN",₫80.000,₫55.000,TP. Hồ Chí Minh,"2,4k","7,2k"
Túi Đựng Giày Hoạ Tiết Chống Bẩn Đi Du Lịch Tiện Lợi XIMO Bảo Vệ Giày (TDG01),₫6.650 - ₫14.250,,Hà Nội,"1,7k","14,4k"
"Băng Đô Thể Thao, Headband Nam Nữ Thấm Mồ Hôi Trán, Băng Đầu Chơi Bóng Rổ Cầu Lông Bóng Chuyền Tennis Tập Gym Chạy Bộ",₫15.000 - ₫35.000,,Hà Nội,827,"4,5k"
"Bình đựng nước thể thao tập gym đi học từ 0,6 - 2 lít chai nhựa 1l 2l chia vạch tặng dây đeo vòi ống hút cute fashion86",₫75.000 - ₫105.000,,Hà Nội,"2,6k","9,7k"
"Thảm tập yoga chống trượt CẬU VÀNG tập gym, thể dục tại nhà cao cấp cao su non tấm TPE 2 miếng lớp lót dày 6mm 8mm 10mm",₫104.000 - ₫208.000,,Hà Nội,"6,6k","15,1k"
"Kìm Bóp Tay, Kìm Tập Cơ Tay, Dụng Cụ Tập Cơ Tay Tập Gym Tại Nhà Điều Chỉnh Lực Có Đếm 10-60kg",₫38.000 - ₫59.000,,TP. Hồ Chí Minh,"3,2k","9,8k"
Set Áo Lửng Dài Tay Cổ Tròn + Chân Váy Lưới Thời Trang Nữ,₫171.700 - ₫173.007,,Nước ngoài,211,"1,2k"
Quà tặng chun buộc tóc ( cho Thảm Tập Yoga SAKO Sport),₫59.900 - ₫149.000,,Hà Nội,"1,2k","9,7k"
[Mã 153FASHIONSALE1 giảm 10K đơn từ 50K] Giày Đá Bóng Sân Cỏ Nhân Tạo Propuision [Full-Box],₫329.000,₫197.000,Hà Nội,"2,6k",7k
"Lọ Chiết Nước Hoa ❤ Lọ chiết nước hoa vuông 20ml/10ml/5ml đựng dầu thơm , phụ kiện du lịch",₫6.555 - ₫10.545,,TP. Hồ Chí Minh,154,"3,6k"
"Hủ Đựng Kem ❤ Hủ nhựa pet đựng kem 50g,100g,200g,250g chiết mỹ phẩm, phụ kiện du lịch",₫2.280 - ₫7.220,,TP. Hồ Chí Minh,142,"8,5k"
[Mã LIFEXANH03 giảm 10% đơn 500K] HỦ NHỰA MÀU NÂU - HỦ NHỰA CÓ NẮP LÓT,₫6.500 - ₫10.000,,TP. Hồ Chí Minh,262,"11,4k"
Chai thủy tinh chiết nước hoa Vuông - Tròn 5ml- 10ml ( Rỗng Dạng xịt),₫8.000,₫7.500,TP. Hồ Chí Minh,617,"17,8k"
[Mã LIFEXANH03 giảm 10% đơn 500K] Chai Xịt Phun Sương - Lọ Chiết Mỹ Phẩm mini loại 30/ 50/ 100ml 🍉Duashop🍉,₫3.500 - ₫4.500,,Hà Nội,"4,3k","24,5k"
"Găng tay thể thao tập Gym, chính hãng X.SPORT",₫100.000,₫79.000,Hà Nội,"5,4k",19k
"Dụng cụ chiết, bộ dụng cụ chiết nước hoa, bơm tiêm chiết nước hoa",₫1.900 - ₫5.000,,TP. Hồ Chí Minh,394,"3,2k"
"Giày đá bóng, Giày 3 sọc đá banh sân cỏ nhân tạo giá rẻ dành cho nam nữ thể thao bóng đá HTSPORT",₫155.000,₫125.000,TP. Hồ Chí Minh,984,"2,9k"
"Ủng đi mưa, Ủng bọc giày đi mưa tiện lợi giá siêu rẻ",₫6.000,₫4.500,Hà Nội,40,890
"Băng quấn thể thao, băng cuốn cổ chân, tay hỗ trợ vận động, cuốn bảo vệ khớp chất liệu cao su non",₫3.333 - ₫8.888,,Hà Nội,780,"17,5k"
Lò xo lăng xê cần câu cá buộc thép không rỉ siêu bền,₫1.250 - ₫1.450,,,594,"40,7k"
Lọ Chiết Serum 🏵️ Lọ Thủy Tinh Nắp Bóp Nhỏ Giọt Khoen Đen 5ML/10ML Thiết Kế Nhỏ Gọn,₫2.500 - ₫5.500,,,167,"11,9k"
"Dây kháng lực tập gym, Dây miniband tập chân mông Aolikes, phụ kiện gym chính hãng A3603",₫90.000,₫49.000,,"7,1k","20,3k"
"Chai nhựa pet nắp bật màu trong, xanh, nâu, trắng sứ chiết mỹ phẩm, gel rửa tay dung tích 30ml 50ml 100ml",₫2.400 - ₫3.300,,,73,"1,6k"
[Mã 153FASHIONSALE1 giảm 10K đơn 50K] TÚI TRỐNG THỂ THAO ( TÚI GYM TÚI ĐÁ BÓNG ),₫63.000,₫58.500,,"1,9k","5,5k"
"Lọ Nhựa 🏵️ Hủ Nhựa Tròn Chiết Mỹ Phẩm Thân Trong 5G/10G Dùng Chiết Kem, Chiết Bột, Sang Chiết Mỹ Phẩm Du Lịch",₫1.000 - ₫2.000,,TP. Hồ Chí Minh,75,6k
Quần tập nữ Thể Thao -Gym- YoGa hai lớp co dãn có size 38-78kg,₫140.000,₫70.000,Bình Dương,681,"2,9k"
"Túi Chiết Mĩ Phẩm, Dầu Gội Có Thể Tái Sử Dụng, Tiện Ích Khi Đi Du Lịch I004",₫3.600 - ₫4.700,,Hà Nội,30,2k
[Mã 153FASHIONSALE1 giảm 10K đơn từ 50K] ( có video)-BỘ CẦN CÂU MÁY 2M1 KÈM 10 MÓN PHỤ KIỆN (rẻ vô địch),₫29.000 - ₫132.000,,Hà Nội,"4,8k","14,7k"
"Quần áo bóng đá, đồ đá banh các CLB và ĐT mới nhất Vải thun lạnh cao cấp",₫95.000 - ₫100.000,,TP. Hồ Chí Minh,"2,2k","7,2k"
